Ampl,decay
0.014251435301360034,-9644065.133968692
0.6293522008475663,42.20161737093483
1.8205151777842719,37.86651682126932
1.0337403823320686,33.22734942787964
0.8500198679557727,30.49095920176551
